{
	"information": {
		"found_shelves": 5,
		"total_pick_slots": {
			"shelf_1": 54,
			"shelf_2": 27,
			"shelf_3": 15,
			"shelf_4": 9,
			"shelf_5": 6
		}
	},
	"extracted_pick_slots": {
		"shelf_1": {
			"pickslot_1": [9.95149, 45.121],
			"pickslot_2": [10.8505, 45.0799],
			"pickslot_3": [11.7496, 45.0388],
			"pickslot_4": [12.7486, 44.9931],
			"pickslot_5": [13.6476, 44.952],
			"pickslot_6": [14.5467, 44.9108],
			"pickslot_7": [15.5456, 44.8652],
			"pickslot_8": [16.4447, 44.824],
			"pickslot_9": [17.3438, 44.7829],
			"pickslot_10": [18.3427, 44.7372],
			"pickslot_11": [19.2418, 44.6961],
			"pickslot_12": [20.1408, 44.655],
			"pickslot_13": [21.1398, 44.6093],
			"pickslot_14": [22.0388, 44.5681],
			"pickslot_15": [22.9379, 44.527],
			"pickslot_16": [23.9369, 44.4813],
			"pickslot_17": [24.8359, 44.4402],
			"pickslot_18": [25.735, 44.3991],
			"pickslot_19": [26.7339, 44.3534],
			"pickslot_20": [27.633, 44.3123],
			"pickslot_21": [28.5321, 44.2711],
			"pickslot_22": [29.531, 44.2254],
			"pickslot_23": [30.4301, 44.1843],
			"pickslot_24": [31.3291, 44.1432],
			"pickslot_25": [32.3281, 44.0975],
			"pickslot_26": [33.2271, 44.0564],
			"pickslot_27": [34.1262, 44.0153],
			"pickslot_28": [9.88217, 43.6056],
			"pickslot_29": [10.7812, 43.5645],
			"pickslot_30": [11.6803, 43.5233],
			"pickslot_31": [12.6792, 43.4776],
			"pickslot_32": [13.5783, 43.4365],
			"pickslot_33": [14.4774, 43.3954],
			"pickslot_34": [15.4763, 43.3497],
			"pickslot_35": [16.3754, 43.3086],
			"pickslot_36": [17.2744, 43.2675],
			"pickslot_37": [18.2734, 43.2218],
			"pickslot_38": [19.1725, 43.1806],
			"pickslot_39": [20.0715, 43.1395],
			"pickslot_40": [21.0705, 43.0938],
			"pickslot_41": [21.9695, 43.0527],
			"pickslot_42": [22.8686, 43.0116],
			"pickslot_43": [23.8675, 42.9659],
			"pickslot_44": [24.7666, 42.9248],
			"pickslot_45": [25.6657, 42.8836],
			"pickslot_46": [26.6646, 42.8379],
			"pickslot_47": [27.5637, 42.7968],
			"pickslot_48": [28.4627, 42.7557],
			"pickslot_49": [29.4617, 42.71],
			"pickslot_50": [30.3608, 42.6689],
			"pickslot_51": [31.2598, 42.6277],
			"pickslot_52": [32.2588, 42.5821],
			"pickslot_53": [33.1578, 42.5409],
			"pickslot_54": [34.0569, 42.4998]
		},
		"shelf_2": {
			"pickslot_1": [12.9888, 49.4475],
			"pickslot_2": [13.8881, 49.4104],
			"pickslot_3": [14.7873, 49.3733],
			"pickslot_4": [15.7865, 49.332],
			"pickslot_5": [16.6857, 49.2949],
			"pickslot_6": [17.5849, 49.2578],
			"pickslot_7": [18.5841, 49.2166],
			"pickslot_8": [19.4833, 49.1795],
			"pickslot_9": [20.3826, 49.1424],
			"pickslot_10": [21.3817, 49.1012],
			"pickslot_11": [22.2809, 49.0641],
			"pickslot_12": [23.1802, 49.027],
			"pickslot_13": [24.1793, 48.9857],
			"pickslot_14": [25.0786, 48.9486],
			"pickslot_15": [25.9778, 48.9115],
			"pickslot_16": [26.9769, 48.8703],
			"pickslot_17": [27.8762, 48.8332],
			"pickslot_18": [28.7754, 48.7961],
			"pickslot_19": [29.7746, 48.7549],
			"pickslot_20": [30.6738, 48.7178],
			"pickslot_21": [31.573, 48.6806],
			"pickslot_22": [32.5722, 48.6394],
			"pickslot_23": [33.4714, 48.6023],
			"pickslot_24": [34.3707, 48.5652],
			"pickslot_25": [35.3698, 48.524],
			"pickslot_26": [36.269, 48.4869],
			"pickslot_27": [37.1683, 48.4498]
		},
		"shelf_3": {
			"pickslot_1": [30.629, 38.8765],
			"pickslot_2": [31.5282, 38.8405],
			"pickslot_3": [32.4275, 38.8045],
			"pickslot_4": [33.4267, 38.7645],
			"pickslot_5": [34.326, 38.7285],
			"pickslot_6": [35.2253, 38.6924],
			"pickslot_7": [36.2245, 38.6524],
			"pickslot_8": [37.1238, 38.6164],
			"pickslot_9": [38.023, 38.5804],
			"pickslot_10": [39.0222, 38.5404],
			"pickslot_11": [39.9215, 38.5044],
			"pickslot_12": [40.8208, 38.4684],
			"pickslot_13": [41.82, 38.4283],
			"pickslot_14": [42.7193, 38.3923],
			"pickslot_15": [43.6186, 38.3563]
		},
		"shelf_4": {
			"pickslot_1": [30.3645, 34.2837],
			"pickslot_2": [31.2635, 34.241],
			"pickslot_3": [32.1625, 34.1983],
			"pickslot_4": [33.1614, 34.1509],
			"pickslot_5": [34.0604, 34.1082],
			"pickslot_6": [34.9593, 34.0656],
			"pickslot_7": [35.9582, 34.0182],
			"pickslot_8": [36.8572, 33.9755],
			"pickslot_9": [37.7562, 33.9328]
		},
		"shelf_5": {
			"pickslot_1": [12.5119, 1.43869],
			"pickslot_2": [13.4022, 1.57002],
			"pickslot_3": [14.2926, 1.70135],
			"pickslot_4": [15.2819, 1.84728],
			"pickslot_5": [16.1723, 1.97861],
			"pickslot_6": [17.0626, 2.10994]
		}
	}
}
